session_key,1,2,3,4,10,11,12,14,16,18,20,21,22,23,24,27,28,29,30,31,34,36,37,38,39,40,41,42,43,44,45,46,50,55,61,63,77,81,97,98
7763,4.933333333333334,6.32,,8.26086956521739,10.142857142857142,7.230769230769231,,3.608695652173913,9.0625,,6.809523809523809,11.238095238095237,9.5,,5.391304347826087,10.4,,,,6.333333333333333,,,,,,,,,,8.333333333333334,,,,3.933333333333333,,12.375,,13.666666666666666,,
7764,,,,9.62962962962963,6.3076923076923075,4.08,,8.538461538461538,5.2272727272727275,,10.62962962962963,10.411764705882353,12.28,9.105263157894736,,8.391304347826088,,,,11.6,5.6,,,,,,,,,11.15,,,,10.789473684210526,,6.0,9.096774193548388,7.6521739130434785,,
7765,7.7272727272727275,9.88888888888889,,8.206896551724139,9.571428571428571,5.7,,7.0,9.59375,14.304347826086957,11.107142857142858,10.942857142857143,10.733333333333333,11.1,11.666666666666666,13.291666666666666,,,,14.28,,,,,,,,,,9.375,,,,11.931034482758621,,12.26086956521739,10.275862068965518,8.1,,
7766,10.848484848484848,10.666666666666666,,10.277777777777779,8.32,7.681818181818182,,10.153846153846153,7.590909090909091,6.7727272727272725,12.214285714285714,13.633333333333333,14.03448275862069,12.64,9.655172413793103,12.733333333333333,,,,6.857142857142857,,,,,,,,,,9.285714285714286,,,,9.333333333333334,,11.833333333333334,8.555555555555555,13.25,,
7767,7.961538461538462,11.818181818181818,,9.04,12.533333333333333,12.766666666666667,,8.65,8.333333333333334,7.846153846153846,11.44,14.708333333333334,14.115384615384615,14.48,9.11111111111111,11.12,,,,10.761904761904763,,,,,,,,,,5.25,,,,8.944444444444445,,7.086956521739131,10.5,10.38888888888889,,
7768,7.109090909090909,19.083333333333332,,12.181818181818182,15.592592592592593,9.158730158730158,,6.227848101265823,5.891891891891892,7.845070422535211,12.583333333333334,9.4,7.310344827586207,11.083333333333334,9.337662337662337,8.670886075949367,,,,9.771084337349398,,,,,,,,,,9.670886075949367,,,,6.641025641025641,,7.821428571428571,9.763157894736842,14.387096774193548,,
7772,9.727272727272727,9.88888888888889,,10.666666666666666,10.404761904761905,7.181818181818182,,8.862068965517242,7.8,13.89655172413793,10.326086956521738,10.20754716981132,10.652173913043478,8.425,13.176470588235293,9.816326530612244,,,,12.657142857142857,,,,,,,,,,9.676470588235293,,,,6.818181818181818,,10.058823529411764,11.102564102564102,12.25,,
7773,8.535714285714286,11.272727272727273,,11.228571428571428,8.352941176470589,9.636363636363637,,3.9375,8.387096774193548,6.4,14.4,13.0,14.472222222222221,11.096774193548388,12.942857142857143,8.416666666666666,,,,8.869565217391305,,,,,,,,,,13.0,,,,9.916666666666666,,12.464285714285714,14.136363636363637,13.413793103448276,,
7774,3.6,12.055555555555555,,9.885714285714286,5.105263157894737,10.764705882352942,,9.041666666666666,10.387096774193548,9.444444444444445,12.342857142857143,15.0,16.16,11.709677419354838,11.702702702702704,9.945945945945946,,,,7.961538461538462,,,,,,,,,,7.526315789473684,,,,13.25925925925926,,8.541666666666666,12.264705882352942,8.117647058823529,,
7775,8.77027027027027,9.846153846153847,,8.333333333333334,10.787878787878787,8.035087719298245,,7.9423076923076925,7.454545454545454,9.55,8.643835616438356,11.135135135135135,9.659090909090908,7.205882352941177,8.2,6.641791044776119,,,,9.64864864864865,,,,,,,,,,9.048780487804878,,,,8.553398058252426,,9.082191780821917,9.25,8.714285714285714,,
7779,8.454545454545455,14.0,,17.785714285714285,10.571428571428571,1.3333333333333333,,2.0,7.384615384615385,11.5,13.866666666666667,15.095238095238095,10.285714285714286,13.894736842105264,13.952380952380953,13.722222222222221,,,,8.461538461538462,,,,,,,,,,6.75,,,,6.0,,3.5,17.266666666666666,15.333333333333334,,
7780,8.444444444444445,11.319148936170214,,11.633333333333333,6.404255319148936,9.461538461538462,,10.458333333333334,9.68421052631579,7.457142857142857,11.948717948717949,9.576271186440678,10.16,11.142857142857142,11.268292682926829,11.727272727272727,,,,9.490196078431373,,,,,,,,,,9.125,,,,7.511627906976744,,8.688888888888888,14.375,8.326530612244898,,
7781,7.0,11.0,,8.5,10.846153846153847,9.761904761904763,,6.076923076923077,9.047619047619047,9.064516129032258,14.692307692307692,11.909090909090908,13.03125,16.5,12.166666666666666,11.758620689655173,,,,11.32,,,,,,,,,,12.933333333333334,,,,4.2,,9.8,9.115384615384615,9.333333333333334,,
7782,4.913043478260869,11.89655172413793,,11.161290322580646,8.11111111111111,13.333333333333334,,5.318181818181818,6.416666666666667,6.266666666666667,10.387096774193548,15.703703703703704,16.16,12.73913043478261,11.6,10.068965517241379,,,,8.347826086956522,,,,,,,,,,8.347826086956522,,,,4.222222222222222,,9.535714285714286,12.071428571428571,13.625,,
7783,5.859649122807017,10.625,,9.25,11.907692307692308,13.4,,5.921875,9.208791208791208,9.169014084507042,9.267605633802816,8.74074074074074,9.558441558441558,6.846153846153846,9.395833333333334,7.223404255319149,,,,11.936507936507937,,,,,,,,,,10.159420289855072,,,,7.987654320987654,,8.939759036144578,9.681818181818182,11.478260869565217,,
7787,1.8,16.533333333333335,,9.333333333333334,7.733333333333333,13.458333333333334,,4.0,13.5,5.555555555555555,14.857142857142858,15.631578947368421,10.944444444444445,12.2,13.4,8.333333333333334,,,,12.19047619047619,,,,,,,,,,2.0,,,,7.809523809523809,,8.333333333333334,16.333333333333332,11.333333333333334,,
7953,1.3333333333333333,12.384615384615385,,16.066666666666666,15.227272727272727,2.142857142857143,,5.318181818181818,8.307692307692308,6.714285714285714,14.647058823529411,15.733333333333333,14.285714285714286,12.0,14.58974358974359,16.25,,,,14.961538461538462,,,,,,,,,,6.142857142857143,,,,4.444444444444445,,7.25,9.6,15.642857142857142,,
9063,3.84,12.942307692307692,,9.46,11.926829268292684,3.8636363636363638,,7.75,7.297297297297297,9.385964912280702,13.0,7.545454545454546,12.205128205128204,9.76923076923077,11.44186046511628,11.294117647058824,,,,9.205882352941176,,,,,,,,,,12.153846153846153,,,,8.369565217391305,,14.594594594594595,10.851063829787234,11.75,,
9064,7.79047619047619,9.94047619047619,,9.314606741573034,15.133333333333333,7.972477064220183,,8.260416666666666,8.303370786516854,8.98989898989899,11.066666666666666,14.368421052631579,9.88888888888889,6.4935064935064934,11.931034482758621,9.0,,,,9.622222222222222,,,,,,,,,,6.765432098765432,,,,9.925925925925926,,8.843373493975903,10.409638554216867,11.651685393258427,,
9069,3.5,,,13.5,15.0,1.5,,7.0,1.5,9.0,12.0,16.25,17.5,8.0,13.5,12.833333333333334,,,,18.0,,,,,,,,,,6.5,,,,5.0,,3.6666666666666665,14.833333333333334,10.5,,
9070,3.5,15.933333333333334,,10.23076923076923,17.0,2.0,,4.8,2.2,6.875,13.5,16.076923076923077,11.692307692307692,14.76923076923077,14.19047619047619,13.5,,,,13.071428571428571,,,,,,,,,,7.909090909090909,,,,4.0,,7.625,17.214285714285715,13.0,,
9071,7.225806451612903,11.966666666666667,,11.522727272727273,9.320754716981131,8.142857142857142,,7.55,8.714285714285714,9.5,8.953488372093023,11.78048780487805,12.117647058823529,10.5625,15.476190476190476,7.510204081632653,,,,7.425531914893617,,,,,,,,,,8.28125,,,,8.085106382978724,,16.8,13.41304347826087,12.475,,
9072,5.75,11.279069767441861,,8.545454545454545,8.76923076923077,6.9375,,6.880952380952381,6.625,10.54054054054054,11.108108108108109,16.434782608695652,13.621621621621621,8.658536585365853,12.45945945945946,12.567567567567568,,,,10.4,,,,,,,,,,13.433333333333334,,,,5.555555555555555,,11.833333333333334,10.571428571428571,11.441176470588236,,
9073,4.083333333333333,13.0,,12.35483870967742,5.576923076923077,4.842105263157895,,7.862068965517241,5.653846153846154,9.5625,12.125,15.0,16.125,12.928571428571429,14.958333333333334,13.076923076923077,,,,8.972222222222221,,,,,,,,,,8.172413793103448,,,,5.176470588235294,,9.35,11.095238095238095,15.277777777777779,,
9074,6.169811320754717,11.682539682539682,,12.0,9.45360824742268,7.032786885245901,,8.44186046511628,7.449275362318841,13.846153846153847,7.604395604395604,11.661538461538461,10.320754716981131,8.677966101694915,8.613636363636363,8.9625,,,,9.052083333333334,,,,,,,,,,11.243243243243244,,,,8.27536231884058,,9.333333333333334,7.935483870967742,13.11111111111111,,
9078,5.0,19.2,,17.25,8.714285714285714,2.25,,3.25,9.615384615384615,12.185185185185185,10.321428571428571,17.833333333333332,12.476190476190476,12.565217391304348,13.764705882352942,10.761904761904763,,,,6.833333333333333,,,,,,,,,,9.19047619047619,,,,4.846153846153846,,7.631578947368421,11.904761904761905,16.8,,
9087,7.980769230769231,12.479166666666666,,6.136363636363637,12.266666666666667,10.051282051282051,,4.928571428571429,7.621621621621622,9.835820895522389,12.0,13.705882352941176,10.704225352112676,13.63265306122449,13.295454545454545,10.63265306122449,,,,10.214285714285714,,,,,,,,,,7.045454545454546,,,,6.645161290322581,,11.557377049180328,10.682539682539682,11.9,,
9088,6.439024390243903,11.380952380952381,,11.592592592592593,9.89090909090909,8.88679245283019,,4.866666666666666,10.107142857142858,7.618181818181818,11.884615384615385,10.559322033898304,11.172413793103448,16.3,12.145454545454545,11.418604651162791,,,,7.9655172413793105,,,,,,,,,,7.0227272727272725,,,,9.227272727272727,,7.892857142857143,7.909090909090909,13.078947368421053,,
9089,6.925925925925926,12.736842105263158,,8.318181818181818,6.325581395348837,3.590909090909091,,8.0,8.216216216216216,6.628571428571429,13.966666666666667,10.622222222222222,9.886363636363637,13.153846153846153,11.068181818181818,12.08108108108108,,,,11.23076923076923,,,,,,,,,,12.705882352941176,,,,6.5,,10.48,8.928571428571429,14.928571428571429,,
9090,6.333333333333333,10.866666666666667,,7.311111111111111,8.36734693877551,10.333333333333334,,7.1525423728813555,8.342342342342342,10.1010101010101,13.327272727272728,10.63855421686747,8.936936936936936,9.376470588235295,10.842857142857143,12.80327868852459,,,,6.882978723404255,,,,,,,,,,9.623931623931623,,,,9.787037037037036,,8.45631067961165,9.545454545454545,11.714285714285714,,
9094,1.0,17.23076923076923,,10.166666666666666,5.636363636363637,17.041666666666668,,2.0,5.533333333333333,16.72222222222222,15.5,12.8,11.4,16.77777777777778,17.0,16.952380952380953,,,,4.909090909090909,,,,,,,,,,6.25,,,,5.214285714285714,,5.454545454545454,14.866666666666667,10.166666666666666,,
9095,7.739130434782608,10.14,,11.609756097560975,6.837209302325581,3.3157894736842106,,10.162790697674419,10.12,11.142857142857142,10.227272727272727,10.333333333333334,8.790697674418604,12.434782608695652,12.36111111111111,10.024390243902438,,,,7.4,,,,,,,,,,12.838709677419354,,,,8.1,,10.275862068965518,10.76923076923077,14.08,,
9096,5.956521739130435,12.295454545454545,,10.55813953488372,9.722222222222221,12.285714285714286,,8.324324324324325,8.8,14.13888888888889,11.676470588235293,10.854166666666666,11.28888888888889,11.409090909090908,10.547619047619047,12.045454545454545,,,,7.7272727272727275,,,,,,,,,,13.263157894736842,,,,7.769230769230769,,13.375,8.764705882352942,12.454545454545455,,
9097,9.052631578947368,10.095238095238095,,6.944444444444445,12.571428571428571,5.5,,9.473684210526315,13.066666666666666,9.894736842105264,8.75,10.761904761904763,12.631578947368421,9.714285714285714,13.6,8.0,,,,15.615384615384615,,,,,,,,,,12.75,,,,15.166666666666666,,7.875,10.88888888888889,11.6,,
9098,5.8428571428571425,17.615384615384617,,9.35,8.612244897959183,8.616279069767442,,8.35632183908046,14.555555555555555,8.08,11.702127659574469,10.140845070422536,10.0,14.88888888888889,11.12,10.316455696202532,,,,6.755102040816326,,,,,,,,,,6.142857142857143,,,,8.024691358024691,,8.084507042253522,9.941176470588236,9.71875,,
9102,1.0,17.0,,14.666666666666666,11.375,6.724137931034483,,7.296296296296297,13.170731707317072,7.84375,16.0,14.911764705882353,11.394736842105264,15.833333333333334,11.64864864864865,13.511627906976743,,,,9.21875,,,,,,,,,,3.3636363636363638,,,,4.7,,5.0,17.72,10.444444444444445,,
9103,3.0,9.5,,8.928571428571429,9.928571428571429,2.8333333333333335,,5.166666666666667,11.0,3.5,12.727272727272727,8.2,9.666666666666666,14.222222222222221,9.714285714285714,13.142857142857142,,,,16.5,,,,,,,,,,17.5,,,,13.0,,19.0,9.0,11.666666666666666,,
9104,6.3076923076923075,12.75925925925926,,8.36,7.680851063829787,8.369565217391305,,8.346938775510203,7.09375,9.26530612244898,10.235294117647058,14.97872340425532,13.49056603773585,13.0,13.13953488372093,15.172413793103448,,,,11.384615384615385,,,,,,,,,,13.0,,,,5.9,,12.878048780487806,5.78125,9.68,,
9105,6.9523809523809526,12.471698113207546,,9.857142857142858,10.607142857142858,9.246153846153845,,8.5,7.617647058823529,12.21875,8.1,13.893617021276595,8.070175438596491,12.32258064516129,14.836363636363636,7.67741935483871,,,,10.384615384615385,,,,,,,,,,12.155555555555555,,,,6.785714285714286,,11.31578947368421,9.8,11.538461538461538,,
9106,6.468085106382978,10.298245614035087,,7.796116504854369,12.836363636363636,9.282352941176471,,4.136363636363637,8.493827160493828,10.690140845070422,9.118421052631579,15.255813953488373,14.033333333333333,7.2342342342342345,14.4,9.627450980392156,,,,8.946902654867257,,,,,,,,,,8.873684210526315,,,,10.153061224489797,,10.242424242424242,8.764044943820224,10.2,,
9110,1.0,19.0,,10.047619047619047,15.6,9.285714285714286,,2.3333333333333335,7.75,15.05,13.6,16.5,16.266666666666666,9.875,16.642857142857142,13.416666666666666,,,,7.8,,,,,,,,,,2.6666666666666665,,,,9.8,,12.742857142857142,11.0,9.652173913043478,,
9112,6.961538461538462,14.75609756097561,,8.719298245614034,10.592105263157896,6.919354838709677,,6.45,6.914634146341464,8.257731958762887,7.7894736842105265,9.23404255319149,9.60377358490566,9.75,13.652173913043478,9.705128205128204,,,,12.411764705882353,,,,,,,,,,9.565217391304348,,,,6.717948717948718,,11.25287356321839,15.022222222222222,9.126760563380282,,
9117,1.3333333333333333,17.5,,7.083333333333333,12.142857142857142,2.0,,6.0,11.23076923076923,5.333333333333333,13.4,17.0,13.866666666666667,10.4,18.3,6.9375,,,,7.6,,,,,,,,,,12.833333333333334,,,,4.0,,14.055555555555555,16.0,16.2,,
9118,1.8,14.318181818181818,,5.722222222222222,8.954545454545455,7.310344827586207,,5.7272727272727275,2.0,10.333333333333334,15.0,17.7,15.11111111111111,10.863636363636363,16.16,13.133333333333333,,,,12.823529411764707,,,,,,,,,,5.466666666666667,,,,3.8333333333333335,,10.705882352941176,15.882352941176471,16.14814814814815,,
9119,6.92,10.61111111111111,,10.0625,8.895833333333334,6.882352941176471,,11.45945945945946,7.102564102564102,9.195121951219512,11.5,11.19047619047619,9.166666666666666,10.025,14.628571428571428,14.368421052631579,,,,11.68421052631579,,,,,,,,,,8.222222222222221,,,,6.689655172413793,,9.069767441860465,11.44,12.882352941176471,,
9120,6.55,10.5,,9.825,5.434782608695652,6.583333333333333,,6.517241379310345,13.5,10.625,16.0,12.030303030303031,10.947368421052632,11.782608695652174,14.172413793103448,15.764705882352942,,,,8.791666666666666,,,,,,,,,,11.1,,,,7.5,,11.321428571428571,12.612903225806452,6.7,,
9121,3.8333333333333335,10.166666666666666,,5.956521739130435,7.384615384615385,7.571428571428571,,8.037037037037036,5.785714285714286,9.192307692307692,13.705882352941176,10.178571428571429,10.791666666666666,13.5,16.5,17.0,,,,9.875,,,,,,,,,,7.9411764705882355,,,,5.083333333333333,,7.625,19.0,12.166666666666666,,
9122,7.515625,10.142857142857142,,6.966101694915254,10.460869565217392,12.348484848484848,,6.407692307692308,6.836065573770492,7.774193548387097,15.763157894736842,9.88888888888889,10.646153846153846,8.772727272727273,11.637362637362637,11.794520547945206,,,,10.911764705882353,,,,,,,,,,7.759124087591241,,,,9.333333333333334,,6.344,10.329411764705883,9.327433628318584,,
9126,1.3333333333333333,13.866666666666667,,1.6666666666666667,10.545454545454545,11.05,,6.4,8.5,11.88888888888889,17.466666666666665,16.375,15.173913043478262,8.5,16.91304347826087,15.705882352941176,,,,15.7,,,,,,,,,,6.333333333333333,,,,8.411764705882353,,6.615384615384615,15.285714285714286,4.5,,
9127,8.617647058823529,7.0,12.486486486486486,5.88,11.633333333333333,12.058823529411764,,6.413793103448276,12.548387096774194,10.6875,12.606060606060606,,9.814814814814815,5.44,8.35483870967742,11.5,,,,9.576923076923077,,,,,,,,,,12.333333333333334,,,,14.272727272727273,,14.869565217391305,8.193548387096774,10.875,,
9128,3.4615384615384617,10.696969696969697,11.03225806451613,8.5,9.310344827586206,5.875,,9.181818181818182,10.461538461538462,10.892857142857142,10.727272727272727,,12.741935483870968,10.88888888888889,9.451612903225806,15.705882352941176,,,,11.173913043478262,,,,,,,,,,11.68421052631579,,,,11.916666666666666,,9.263157894736842,9.068965517241379,10.0,,
9129,6.536082474226804,17.095238095238095,11.683673469387756,6.64935064935065,9.036144578313253,3.7241379310344827,,8.747747747747749,8.358490566037736,10.348837209302326,16.444444444444443,,11.585714285714285,14.448275862068966,8.300884955752212,9.807017543859649,,,,8.853932584269662,,,,,,,,,,9.543859649122806,,,,9.414634146341463,,12.608695652173912,8.727272727272727,9.174418604651162,,
9133,1.5,16.25,14.0,3.3,17.5,5.473684210526316,,7.315789473684211,7.388888888888889,11.793103448275861,14.956521739130435,,13.851851851851851,14.538461538461538,13.6875,12.590909090909092,,,,15.5,,,,,,,,,,4.352941176470588,,,,7.55,,9.612903225806452,11.928571428571429,4.0,,
9134,10.5,8.235294117647058,6.470588235294118,9.055555555555555,12.125,9.263157894736842,,12.0,11.666666666666666,13.4375,12.9375,,6.6923076923076925,4.714285714285714,11.0,12.153846153846153,,,,17.666666666666668,,,,,,,,,,7.384615384615385,,,,8.545454545454545,,8.615384615384615,11.846153846153847,11.833333333333334,,
9135,6.214285714285714,17.8,12.666666666666666,5.821917808219178,11.970588235294118,8.487394957983193,,7.496124031007752,8.282608695652174,9.25,10.336842105263157,,10.242105263157894,9.020833333333334,13.09433962264151,11.788461538461538,,,,10.830985915492958,,,,,,,,,,5.842105263157895,,,,8.128378378378379,,6.444444444444445,8.862385321100918,4.873684210526315,,
9140,1.3333333333333333,12.9,11.7,5.666666666666667,9.181818181818182,11.576923076923077,,13.941176470588236,4.666666666666667,14.555555555555555,14.722222222222221,,14.4375,14.444444444444445,15.789473684210526,16.25,,,,7.818181818181818,,,,,,,,,,9.5625,,,,8.25,,8.75,16.2,5.769230769230769,,
9141,3.0,15.441176470588236,16.0,13.272727272727273,11.741935483870968,1.6,,6.5,2.0,10.703703703703704,12.84,,8.619047619047619,12.073170731707316,15.18918918918919,14.487179487179487,,,,11.53125,,,,,,,,,,4.0,,,,13.227272727272727,,9.44,13.964285714285714,12.5,,
9142,3.8095238095238093,4.967741935483871,9.897435897435898,11.03448275862069,9.125,6.222222222222222,,13.285714285714286,11.75609756097561,14.5,9.63888888888889,,11.454545454545455,9.48,15.586206896551724,13.058823529411764,,,,8.447368421052632,,,,,12.107142857142858,,,,,6.46875,,,,,,7.125,9.78125,12.222222222222221,,
9143,9.222222222222221,7.5675675675675675,9.930232558139535,9.10344827586207,6.678571428571429,7.038461538461538,,10.886363636363637,12.451612903225806,7.5,15.75,,14.689655172413794,7.586206896551724,10.54054054054054,16.863636363636363,,,,12.451612903225806,,,,,,,,,,5.615384615384615,,,,13.777777777777779,,9.678571428571429,8.785714285714286,12.818181818181818,,
9144,2.8,9.933333333333334,,4.9,9.854166666666666,7.371428571428571,,10.63888888888889,9.372093023255815,12.6,14.8,,11.16326530612245,9.045454545454545,9.791666666666666,12.24390243902439,,,,15.61111111111111,,,,,,11.814814814814815,,,,11.727272727272727,,,,11.38888888888889,,9.56,8.027777777777779,6.6,,
9145,7.526315789473684,7.873333333333333,,7.707964601769912,12.116071428571429,7.528662420382165,,9.661971830985916,9.547297297297296,10.826086956521738,13.590909090909092,,10.45,5.898148148148148,12.25,11.821428571428571,,,,13.476190476190476,,,,,,13.921875,,,,8.938053097345133,,,,9.433070866141732,,5.626086956521739,11.462962962962964,7.221374045801527,,
9149,3.272727272727273,15.333333333333334,,9.634146341463415,7.6,5.7272727272727275,,4.666666666666667,11.447368421052632,13.76923076923077,14.088235294117647,,10.484848484848484,8.75,11.705882352941176,13.761904761904763,,,,11.047619047619047,,,,,,15.518518518518519,,,,12.3125,,,,7.393939393939394,,10.647058823529411,14.488372093023257,11.211538461538462,,
9150,4.117647058823529,11.434782608695652,,8.454545454545455,9.606060606060606,4.666666666666667,,8.91304347826087,7.48,,12.290322580645162,,11.464285714285714,12.538461538461538,15.5,13.09375,,,,9.88888888888889,11.193548387096774,,,,,13.11111111111111,,,,4.764705882352941,,,,4.555555555555555,,9.368421052631579,18.166666666666668,6.473684210526316,,
9151,3.8125,8.23076923076923,,9.827586206896552,12.35483870967742,7.608695652173913,,10.652173913043478,9.285714285714286,10.380952380952381,13.04,,10.185185185185185,10.428571428571429,9.72,10.24,,,,11.4,,,,,,12.409090909090908,,,,13.181818181818182,,,,5.615384615384615,,9.933333333333334,10.233333333333333,15.105263157894736,,
9152,8.045454545454545,9.243243243243244,,8.1,9.1,6.0,,8.878787878787879,10.433333333333334,9.566666666666666,9.75,,13.588235294117647,10.521739130434783,14.25,10.542857142857143,,,,10.925925925925926,,,,,,14.23076923076923,,,,6.117647058823529,,,,8.3125,,8.5,12.03225806451613,10.9375,,
9153,7.219512195121951,10.040816326530612,,7.329268292682927,13.67741935483871,5.389830508474576,,9.219178082191782,7.3625,17.11111111111111,8.311111111111112,,7.142857142857143,6.583333333333333,13.173913043478262,9.571428571428571,,,,18.2,,,,,,9.17910447761194,,,,8.426666666666666,,,,7.797101449275362,,7.6716417910447765,13.222222222222221,8.926829268292684,,
9157,2.5555555555555554,13.647058823529411,,7.0,17.11764705882353,3.875,,9.352941176470589,4.615384615384615,15.318181818181818,18.166666666666668,,15.5,8.764705882352942,15.166666666666666,13.80952380952381,,,,14.88,,,,,,13.166666666666666,,,,6.1,,,,4.285714285714286,,7.0,11.48,7.615384615384615,,
9158,7.906976744186046,14.25,,4.0,9.117647058823529,7.510204081632653,,11.108695652173912,6.451612903225806,12.194444444444445,11.804347826086957,,11.88679245283019,14.19047619047619,13.46938775510204,12.695652173913043,,,,8.62,,,,,,12.729166666666666,,,,7.4,,,,5.909090909090909,,8.72549019607843,10.11320754716981,12.613636363636363,,
9159,9.377777777777778,10.868421052631579,,7.972222222222222,13.523809523809524,8.880952380952381,,5.37037037037037,10.375,8.925,13.0,,10.813953488372093,13.142857142857142,15.5,10.162162162162161,,,,13.636363636363637,,,,,,8.970588235294118,,,,10.2,,,,7.9,,6.757575757575758,10.9375,15.875,,
9160,5.0344827586206895,12.31578947368421,,6.538461538461538,11.90625,8.333333333333334,,10.305555555555555,8.088235294117647,7.967741935483871,11.793103448275861,,14.0,12.375,11.083333333333334,13.565217391304348,,,,9.806451612903226,,,,,,15.346153846153847,,,,6.7,,,,5.0,,5.615384615384615,10.642857142857142,13.538461538461538,,
9161,5.823529411764706,9.115384615384615,,5.4,12.722222222222221,6.810344827586207,,9.112903225806452,6.734375,14.67741935483871,5.320987654320987,,9.862068965517242,15.344827586206897,11.666666666666666,6.674418604651163,,,,10.444444444444445,,,,,,8.36046511627907,,,,9.341463414634147,,,,5.205128205128205,,6.765625,10.619047619047619,9.81081081081081,,
9165,8.714285714285714,16.46153846153846,,4.222222222222222,9.538461538461538,11.384615384615385,,10.523809523809524,4.384615384615385,,11.956521739130435,,16.285714285714285,13.045454545454545,13.705882352941176,11.857142857142858,,,,10.68421052631579,,,,,,11.25,,,,4.75,,,,1.0,,7.0,15.428571428571429,11.23076923076923,,
9166,1.0,13.2,,9.21951219512195,12.511627906976743,5.4411764705882355,,9.15625,9.131578947368421,9.617647058823529,13.0,,14.620689655172415,11.15625,12.296296296296296,8.424242424242424,,,,13.0,,,,,,12.102564102564102,,,,12.172413793103448,,,,11.444444444444445,,7.7,11.65625,9.933333333333334,,
9167,8.84,11.119047619047619,,7.037037037037037,13.644444444444444,7.657894736842105,,9.514285714285714,9.53125,11.35,13.30952380952381,,14.710526315789474,7.515151515151516,11.071428571428571,13.724137931034482,,,,12.771428571428572,,,,,,12.906976744186046,,,,12.0,,,,6.035714285714286,,9.463414634146341,8.96551724137931,8.214285714285714,,
9168,7.619047619047619,11.62962962962963,,3.5454545454545454,12.551724137931034,9.652173913043478,,11.592592592592593,5.052631578947368,12.2,9.0,,15.75,15.0,10.523809523809524,11.68421052631579,,,,11.526315789473685,,,,,,16.894736842105264,,,,9.444444444444445,,,,7.611111111111111,,7.625,12.0625,4.833333333333333,,
9169,1.6666666666666667,17.565217391304348,,7.253968253968254,12.791666666666666,5.7555555555555555,,10.818181818181818,9.56140350877193,9.96875,11.38,,10.696969696969697,11.645833333333334,14.2,13.0,,,,11.12280701754386,,,,,,8.419354838709678,,,,7.568965517241379,,,,10.466666666666667,,7.932203389830509,14.972972972972974,8.776119402985074,,
9173,2.7142857142857144,18.1,,2.9285714285714284,10.545454545454545,13.703703703703704,,9.227272727272727,5.125,12.318181818181818,14.692307692307692,,12.153846153846153,15.35,15.296296296296296,13.857142857142858,,,,11.428571428571429,,,,,,12.428571428571429,,,,7.157894736842105,,,,4.625,,5.1923076923076925,18.428571428571427,4.722222222222222,,
9174,6.172413793103448,11.461538461538462,7.9523809523809526,9.93939393939394,,5.714285714285714,,11.607142857142858,8.27027027027027,9.682926829268293,,,,5.666666666666667,9.590909090909092,12.023255813953488,,,,10.0,,,,,,,14.5,14.7,,10.186046511627907,,,14.27027027027027,9.419354838709678,15.5,,,6.71875,,12.85
9175,8.461538461538462,10.048780487804878,5.448275862068965,8.928571428571429,11.0,10.181818181818182,,10.175,8.419354838709678,11.0,14.535714285714286,,13.451612903225806,9.333333333333334,10.806451612903226,14.575757575757576,,,,10.833333333333334,,,,,,,,,,13.966666666666667,,,,9.142857142857142,,9.378378378378379,10.342105263157896,9.655172413793103,,
9176,6.7727272727272725,8.758620689655173,9.5,7.0,12.633333333333333,9.185185185185185,,10.75,8.05,10.096774193548388,15.928571428571429,,10.695652173913043,12.533333333333333,13.625,14.26086956521739,,,,14.074074074074074,,,,,,,,,,8.25,,,,8.571428571428571,,7.583333333333333,9.043478260869565,10.157894736842104,,
9177,3.5588235294117645,16.15,5.853658536585366,13.681818181818182,9.444444444444445,4.211538461538462,,8.454545454545455,8.637931034482758,10.214285714285714,8.535714285714286,,8.113636363636363,11.679245283018869,12.67741935483871,12.241379310344827,,,,15.6,,,,,,,,,,6.377049180327869,,,,9.98,,6.253521126760563,7.9375,7.467532467532467,,
9181,3.6923076923076925,15.933333333333334,4.9,12.310344827586206,11.444444444444445,12.5,,16.037037037037038,1.8,15.16,16.125,,13.884615384615385,9.764705882352942,14.928571428571429,11.869565217391305,,,,15.458333333333334,,,,,,,,,,4.571428571428571,,,,2.8,,7.066666666666666,11.884615384615385,7.176470588235294,,
9182,6.842105263157895,11.0,10.363636363636363,7.6521739130434785,8.0,8.954545454545455,,13.866666666666667,11.923076923076923,8.529411764705882,9.9,,9.4,16.2,8.791666666666666,10.6,,,,6.904761904761905,,,,,,,,,,9.352941176470589,,,,7.705882352941177,,12.833333333333334,6.4,12.153846153846153,,
9183,3.5833333333333335,11.611940298507463,12.044776119402986,12.02127659574468,12.865671641791044,7.1395348837209305,,8.916666666666666,8.147058823529411,13.90566037735849,10.270833333333334,,13.016949152542374,11.46,15.319148936170214,13.227272727272727,,,,11.169491525423728,,,,,,,,,,6.324324324324325,,,,5.0,,9.877551020408163,12.245283018867925,12.11111111111111,,
9184,8.28,9.428571428571429,12.75,9.647058823529411,10.114285714285714,8.689655172413794,,8.194444444444445,7.866666666666666,10.871794871794872,10.545454545454545,,14.0625,10.0,11.575,12.035714285714286,,,,12.193548387096774,,,,,,,,,,10.102564102564102,,,,8.857142857142858,,8.65625,9.516129032258064,8.647058823529411,,
9189,5.083333333333333,12.24,15.285714285714286,16.75,6.916666666666667,9.586206896551724,,12.527777777777779,1.8333333333333333,8.724137931034482,11.6,,15.526315789473685,9.391304347826088,12.515151515151516,14.44,,,,7.12,,,,,,,,,,12.214285714285714,,,,12.393939393939394,,7.032258064516129,14.9,10.432432432432432,,
9190,,7.934782608695652,7.869565217391305,,9.638297872340425,,,,,9.0,11.088888888888889,,8.238095238095237,,,,,9.973684210526315,,,11.0,14.210526315789474,11.428571428571429,,13.0,,,9.227272727272727,,,11.116279069767442,,11.45945945945946,10.484848484848484,15.0,12.8,10.6,9.8125,,14.862068965517242
9191,6.925925925925926,11.580645161290322,9.8,9.647058823529411,9.717948717948717,11.151515151515152,,10.575,12.333333333333334,9.028571428571428,9.958333333333334,,10.066666666666666,9.147058823529411,10.03225806451613,10.666666666666666,,,,12.625,,,,,,,,,,14.380952380952381,,,,14.052631578947368,,9.5,7.44,7.7368421052631575,,
9192,7.575757575757576,9.4,13.068965517241379,8.0,8.54054054054054,8.375,,7.9393939393939394,9.655172413793103,7.275862068965517,15.75,,13.615384615384615,11.75,12.222222222222221,11.9,,,,9.384615384615385,,,,,,,,,,9.11111111111111,,,,11.03448275862069,,11.0,14.555555555555555,7.666666666666667,,
9193,3.2758620689655173,9.81081081081081,9.680555555555555,6.896103896103896,11.833333333333334,8.0,,11.33673469387755,8.053763440860216,11.085714285714285,13.196078431372548,,5.892857142857143,5.4,12.078947368421053,9.04,,,,11.316455696202532,,,,,,,,,,11.0,,,,14.741935483870968,,8.9375,13.673913043478262,10.854166666666666,,
9197,3.4545454545454546,17.580645161290324,13.911764705882353,7.142857142857143,11.38888888888889,6.526315789473684,,9.731707317073171,3.2222222222222223,9.210526315789474,18.473684210526315,,5.90625,15.416666666666666,17.38235294117647,14.727272727272727,,,,11.40625,,,,,,,,,,9.942857142857143,,,,10.866666666666667,,6.548387096774194,13.64516129032258,8.242424242424242,,
9198,7.722222222222222,12.166666666666666,12.5,9.41304347826087,9.647058823529411,8.82857142857143,,6.833333333333333,10.688888888888888,9.95,10.085714285714285,,10.584905660377359,14.2,12.45945945945946,9.386363636363637,,,,11.584905660377359,,,,,,,,,,7.648648648648648,,,,11.790697674418604,,10.363636363636363,11.106382978723405,14.82857142857143,,
9204,1.5,20.0,9.166666666666666,2.0,11.666666666666666,3.8,,13.0,6.0,14.5,14.25,,6.8,17.0,18.0,15.0,,,,14.4,,,,,,,,,,5.4,,,,9.0,,3.2,16.5,9.333333333333334,,
9205,1.3333333333333333,13.26086956521739,16.5,2.75,9.32,5.85,,4.0,10.0,5.8,15.5,,9.228571428571428,16.5,14.6,13.3125,,,,11.34375,,,,,,,,,,7.521739130434782,,,,6.25,,9.222222222222221,12.35,13.384615384615385,,
9206,2.4615384615384617,11.035087719298245,9.160714285714286,8.32,12.386363636363637,9.0,,12.755102040816327,12.450980392156863,12.944444444444445,6.948717948717949,,11.130434782608695,11.055555555555555,10.327272727272728,7.783783783783784,,,,16.066666666666666,,,,,,,,,,9.282051282051283,,,,10.156862745098039,,7.95,9.444444444444445,11.764705882352942,,
9207,5.3,11.710526315789474,14.526315789473685,6.581081081081081,7.791666666666667,8.91139240506329,,13.833333333333334,4.142857142857143,11.651162790697674,11.373134328358208,,11.517857142857142,13.11111111111111,9.193548387096774,11.878787878787879,,,,9.035714285714286,,,,,,,,,,6.842105263157895,,,,6.988636363636363,,9.090909090909092,9.346153846153847,8.625,,
9212,1.0,19.5,11.857142857142858,4.333333333333333,8.6,6.0,,13.25,2.5,15.545454545454545,16.9,,16.2,9.0,16.90909090909091,15.5,,,,12.0,,,,,,,,,,2.5,,,,5.2,,8.5,17.2,7.5,,
9213,4.333333333333333,14.903225806451612,12.419354838709678,3.0625,8.35,6.565217391304348,,12.485714285714286,3.380952380952381,12.482758620689655,16.42105263157895,,10.333333333333334,13.173913043478262,14.366666666666667,15.0,,,,12.875,,,,,,,,,,2.8333333333333335,,,,5.1,,6.208333333333333,14.464285714285714,12.333333333333334,,
9214,5.435294117647059,10.787234042553191,,9.42,10.752136752136753,9.278350515463918,,6.370786516853933,7.39622641509434,10.813084112149532,11.723809523809523,,9.628571428571428,13.970149253731343,12.05,11.390625,,,,11.546296296296296,,,,,,12.536082474226804,,,,10.67032967032967,,,,7.241379310344827,,9.617977528089888,9.168141592920353,9.275862068965518,,
9215,5.047058823529412,10.440677966101696,,8.89010989010989,9.44,7.933333333333334,,5.42,6.416666666666667,11.5,12.754716981132075,,8.824324324324325,14.045454545454545,12.452830188679245,11.58,,,,8.796747967479675,,,,,,11.689655172413794,,,,9.481927710843374,,,,7.739130434782608,,8.96774193548387,7.530434782608696,7.674157303370786,,
9220,4.0,19.0,,4.222222222222222,10.0,12.615384615384615,,8.0,5.571428571428571,13.857142857142858,16.25,,17.22222222222222,14.1,15.0,12.333333333333334,,,,11.538461538461538,,,,,,17.0,,,,9.444444444444445,,,,4.6,,2.6666666666666665,12.166666666666666,1.3333333333333333,,
9221,1.0,13.257142857142858,,6.194444444444445,10.054545454545455,10.087719298245615,,7.216216216216216,8.642857142857142,11.224489795918368,13.333333333333334,,13.742857142857142,9.576923076923077,9.758064516129032,11.837837837837839,,,,10.439024390243903,,,,,,14.533333333333333,,,,11.0,,,,16.0,,8.10909090909091,9.76595744680851,5.696969696969697,,
9222,2.588235294117647,11.62962962962963,,11.26923076923077,8.0,,,11.391304347826088,10.826086956521738,,13.869565217391305,13.73076923076923,9.03448275862069,5.705882352941177,5.55,6.571428571428571,,,,15.555555555555555,11.375,,,,,,,,,11.842105263157896,,,,4.277777777777778,,5.428571428571429,14.285714285714286,11.68421052631579,,
9223,10.0,7.857142857142857,7.6,6.434782608695652,12.117647058823529,11.4,,8.052631578947368,8.714285714285714,6.761904761904762,8.384615384615385,,9.875,7.117647058823529,11.588235294117647,8.08695652173913,,,,15.666666666666666,,,,,,,,,,18.0,,,,12.7,,4.291666666666667,5.684210526315789,8.272727272727273,,
9278,7.648648648648648,8.636363636363637,,7.705882352941177,16.217391304347824,6.913043478260869,,8.838095238095239,8.149122807017545,10.18348623853211,9.950617283950617,9.026315789473685,11.085106382978724,7.511111111111111,13.510204081632653,10.04109589041096,,,,11.954545454545455,,,,,,,,,,7.684210526315789,,,,9.598290598290598,,9.302631578947368,14.604651162790697,11.976190476190476,,
9282,5.9480519480519485,11.656716417910447,,8.775510204081632,11.843373493975903,8.446428571428571,,7.771929824561403,9.584158415841584,9.89655172413793,8.408695652173913,10.396039603960396,10.423529411764706,10.352272727272727,15.333333333333334,8.597938144329897,,,,7.731481481481482,,,,,,,,,,7.622641509433962,,,,6.118421052631579,,7.081081081081081,16.244897959183675,11.607142857142858,,
9286,7.324675324675325,9.425925925925926,8.360655737704919,6.129411764705883,8.227848101265822,8.431372549019608,,13.181818181818182,5.5,13.6,9.0,,11.775510204081632,9.267857142857142,10.866666666666667,10.08108108108108,,,,8.84,,,,,,,,,,4.977777777777778,,,,6.232323232323233,,7.925925925925926,9.25,6.616279069767442,,
9294,11.023809523809524,12.13888888888889,14.279069767441861,7.8474576271186445,10.3,10.35483870967742,,12.9,4.111111111111111,12.705882352941176,8.846153846153847,,14.25,8.4,12.444444444444445,7.896551724137931,,,,12.565217391304348,,,,,,,,,,7.3125,,,,6.791666666666667,,11.147540983606557,9.833333333333334,9.737704918032787,,
9298,5.02,14.285714285714286,,4.6875,11.346938775510203,5.309859154929577,,11.5,7.353658536585366,12.914285714285715,18.125,,13.545454545454545,15.166666666666666,14.5,9.142857142857142,,,,9.134615384615385,,,,,,12.654545454545454,,,,7.3584905660377355,,,,6.698795180722891,,4.428571428571429,12.407407407407407,5.196078431372549,,
9304,8.138461538461538,10.75,15.030303030303031,7.666666666666667,11.50943396226415,9.811111111111112,,7.188888888888889,7.451612903225806,5.6875,11.803571428571429,,14.441176470588236,7.823529411764706,10.7,10.388059701492537,,,,14.476190476190476,,,,,,,,,,8.0,,,,8.195652173913043,,7.97,11.209302325581396,7.790123456790123,,
9308,3.9047619047619047,12.0,10.422222222222222,8.555555555555555,8.894736842105264,5.276923076923077,,12.8,5.2105263157894735,11.565217391304348,10.91304347826087,,11.411764705882353,7.823529411764706,15.068965517241379,9.76,,,,7.864864864864865,,,,,,,,,,6.767857142857143,,,,5.557142857142857,,6.745454545454545,14.12,9.084507042253522,,
9314,8.379310344827585,7.105882352941176,9.829545454545455,9.75,8.695238095238095,7.178082191780822,,8.02061855670103,6.54054054054054,11.826086956521738,5.322916666666667,,13.157894736842104,10.725,10.448979591836734,8.012658227848101,,,,10.066666666666666,,,,,,,,,,11.293103448275861,,,,6.8023255813953485,,9.535714285714286,8.657142857142857,8.849315068493151,,
9461,,,,6.484848484848484,9.057142857142857,7.45945945945946,,8.84375,11.818181818181818,,6.25,,,,11.966666666666667,7.428571428571429,12.863636363636363,,11.45945945945946,,11.692307692307692,,11.5,,13.066666666666666,14.904761904761905,,,8.1875,6.2272727272727275,,15.409090909090908,,,12.54054054054054,6.0,8.424242424242424,,,
9465,7.9411764705882355,12.333333333333334,9.941176470588236,7.033333333333333,10.419354838709678,6.5588235294117645,,11.272727272727273,8.258064516129032,12.448275862068966,10.0,,10.620689655172415,14.04,14.36,10.666666666666666,,,,9.344827586206897,,,,,,,,,,7.357142857142857,,,,8.0,,7.478260869565218,11.0,6.961538461538462,,
9466,8.9375,10.636363636363637,12.038461538461538,10.4375,11.744186046511627,8.64,,9.647058823529411,7.836734693877551,9.256410256410257,9.767441860465116,,13.521739130434783,9.645833333333334,12.049180327868852,8.534883720930232,,,,13.085714285714285,,,,,,,,,,9.68,,,,7.72972972972973,,9.833333333333334,11.270833333333334,11.368421052631579,,
9467,9.25925925925926,11.891891891891891,11.607142857142858,8.148148148148149,14.56,9.806451612903226,,9.368421052631579,6.96,8.310344827586206,10.592592592592593,,12.222222222222221,10.25,11.558823529411764,12.25,,,,16.823529411764707,,,,,,,,,,9.08695652173913,,,,8.208333333333334,,7.142857142857143,12.0,13.733333333333333,,
9468,7.919540229885057,12.404761904761905,9.939759036144578,7.144444444444445,13.15,10.538461538461538,,7.714285714285714,7.3375,10.012048192771084,11.109756097560975,,10.50561797752809,9.474358974358974,13.209302325581396,6.315217391304348,,,,11.38888888888889,,,,,,,,,,11.44047619047619,,,,6.3023255813953485,,10.011627906976743,14.317073170731707,8.198275862068966,,
9472,1.0,16.272727272727273,13.4,6.157894736842105,16.363636363636363,4.461538461538462,,7.068965517241379,6.636363636363637,14.727272727272727,13.8,,10.703703703703704,10.766666666666667,13.7,15.551724137931034,,,,16.136363636363637,,,,,,,,,,8.882352941176471,,,,4.25,,6.04,17.25,7.684210526315789,,
9473,5.728813559322034,12.461538461538462,12.109756097560975,7.44,9.233766233766234,7.28125,,8.842105263157896,7.742857142857143,11.083333333333334,14.123076923076923,,13.236842105263158,11.050632911392405,12.7125,14.015873015873016,,,,11.571428571428571,,,,,,,,,,9.627118644067796,,,,8.573333333333334,,9.057692307692308,12.303030303030303,10.815384615384616,,
9474,3.5833333333333335,12.311111111111112,11.568181818181818,7.525,10.13953488372093,6.653846153846154,,9.294117647058824,9.107142857142858,8.6875,12.0,,11.973684210526315,11.428571428571429,10.65,14.46875,,,,11.23913043478261,,,,,,,,,,13.21875,,,,10.115384615384615,,10.368421052631579,13.897435897435898,11.513513513513514,,
9475,8.909090909090908,11.238095238095237,10.942857142857143,9.805555555555555,11.0,8.08695652173913,,9.678571428571429,7.294117647058823,10.516129032258064,10.583333333333334,,11.451612903225806,11.8,10.8,11.423076923076923,,,,13.851851851851851,,,,9.0,,,,,,7.925925925925926,,,,,,5.625,10.931034482758621,12.80952380952381,,
9476,7.101449275362318,9.311111111111112,13.552631578947368,6.0,9.866666666666667,7.746268656716418,,6.9753086419753085,6.7682926829268295,8.679012345679013,6.142857142857143,,11.607843137254902,10.490196078431373,19.5,7.396825396825397,,,,10.534883720930232,,,,10.116666666666667,,,,,,7.86,,,,,,7.217391304347826,10.304347826086957,5.481481481481482,,
9480,1.3333333333333333,16.555555555555557,15.777777777777779,4.666666666666667,19.0,2.8333333333333335,,5.5,3.5,13.666666666666666,12.2,,12.0,12.666666666666666,14.571428571428571,10.9,,,,14.181818181818182,,,,9.818181818181818,,,,,,6.25,,,,,,7.5,16.75,4.833333333333333,,
9481,7.912280701754386,10.777777777777779,8.7875,7.630769230769231,10.594936708860759,6.450704225352113,,9.729166666666666,7.935483870967742,6.82258064516129,11.835820895522389,,9.012987012987013,15.206896551724139,11.070588235294117,13.064516129032258,,,,11.463414634146341,,,,,,,,,,12.043478260869565,,,,10.285714285714286,,10.03125,11.727272727272727,5.829268292682927,,
9482,9.083333333333334,9.931818181818182,8.0,8.5625,9.361702127659575,5.972972972972973,,5.5,8.909090909090908,7.275862068965517,11.0,,11.225,16.0,11.378378378378379,11.777777777777779,,,,11.065217391304348,,,,,,,,,,12.789473684210526,,,,9.966666666666667,,8.620689655172415,11.041666666666666,7.235294117647059,,
9483,3.25,,11.878787878787879,7.217391304347826,12.9,4.705882352941177,,10.67741935483871,5.833333333333333,10.96551724137931,12.8,,12.96,10.037037037037036,12.928571428571429,13.371428571428572,,,,15.296296296296296,,,,,,,,,,8.923076923076923,,,,7.6,,8.590909090909092,12.068965517241379,7.625,,
9484,4.390625,,15.0,9.11320754716981,9.642857142857142,6.275,,7.8076923076923075,5.785714285714286,9.27027027027027,9.282051282051283,,10.071428571428571,8.222222222222221,10.777777777777779,8.878787878787879,,,,7.823529411764706,,,,,,,,,,10.652173913043478,,,,6.944444444444445,,9.125,9.20754716981132,8.693548387096774,,
9488,10.0,,15.0,3.2222222222222223,11.580645161290322,6.409090909090909,,6.684210526315789,3.9285714285714284,8.8125,12.8,,9.0,12.909090909090908,15.11111111111111,9.761904761904763,,,,13.96,,,,,,,,,,12.833333333333334,,,,1.5,,9.137931034482758,14.047619047619047,5.0,,
9489,8.75,12.7,,5.35,12.974358974358974,8.346153846153847,,7.290322580645161,8.675675675675675,11.870967741935484,12.27027027027027,,9.89655172413793,14.941176470588236,9.948717948717949,14.931034482758621,,,,11.25,,,,,,12.909090909090908,,,,5.565217391304348,,,,7.08,,8.590909090909092,12.1875,10.862068965517242,,
9490,7.5,8.5,3.25,9.0,10.5,11.5,,12.5,11.0,14.0,11.529411764705882,,7.222222222222222,11.11111111111111,9.705882352941176,12.545454545454545,,,,13.4,,,,,,,,,,4.666666666666667,,,,13.0,,19.0,11.0,7.0,,
9491,1.75,12.321428571428571,10.52,10.1,13.375,4.7,,10.153846153846153,8.25,12.5,12.458333333333334,,10.818181818181818,13.384615384615385,9.45,12.142857142857142,,,,17.166666666666668,,,,,,,,,,10.0,,,,8.666666666666666,,12.31578947368421,7.882352941176471,8.3,,
9492,2.4482758620689653,9.638297872340425,12.574074074074074,10.484848484848484,16.73076923076923,2.787878787878788,,6.111111111111111,8.065573770491802,15.2,12.0,,11.947368421052632,8.478260869565217,18.0,11.952380952380953,,,,13.2,,,,,,,,,,5.909090909090909,,,,7.821428571428571,,7.125,13.454545454545455,6.95,,
9496,1.4,15.045454545454545,15.0,5.6521739130434785,14.75,3.6666666666666665,,5.9375,4.411764705882353,13.89655172413793,13.157894736842104,,12.076923076923077,17.0,17.3,13.653846153846153,,,,13.090909090909092,,,,,,,,,,7.25,,,,4.25,,7.0,13.2,7.55,,
9497,8.885714285714286,12.84,11.155172413793103,10.54,8.340909090909092,8.151515151515152,,11.209302325581396,12.733333333333333,12.688888888888888,8.935483870967742,,10.472222222222221,11.545454545454545,12.12,14.21875,,,,10.295454545454545,,,,,,,,,,6.375,,,,9.264705882352942,,8.095238095238095,12.538461538461538,7.3,,
9498,6.015151515151516,10.520833333333334,10.083333333333334,8.691176470588236,9.67123287671233,7.320987654320987,,11.74074074074074,7.96875,8.673684210526316,9.066666666666666,,9.223214285714286,11.673076923076923,12.631578947368421,7.465116279069767,,,,8.918032786885245,,,,,,,,,,6.787878787878788,,,,7.0,,7.03960396039604,14.090909090909092,8.053191489361701,,
9502,6.25,18.5,9.923076923076923,8.194174757281553,12.676470588235293,5.491803278688525,,7.551724137931035,6.337209302325581,6.617283950617284,10.581818181818182,,12.704545454545455,18.125,8.704545454545455,9.068627450980392,,,,10.8,,,,,,,,,,10.82258064516129,,,,7.696629213483146,,9.91139240506329,10.549019607843137,6.952941176470588,,
9506,1.0,12.8,3.6666666666666665,14.5,11.6,3.3333333333333335,,14.25,2.0,13.0,13.083333333333334,,9.833333333333334,16.142857142857142,14.166666666666666,8.5,,,,14.714285714285714,,,,,,,,,,11.0,,,,5.0,,14.166666666666666,16.0,6.0,,
9507,2.4,17.5,14.444444444444445,4.0,13.176470588235293,6.909090909090909,,12.2,4.0,14.764705882352942,17.22222222222222,,8.5,15.91304347826087,13.217391304347826,11.9,,,,11.7,,,,,,,,,,7.076923076923077,,,,3.5,,9.125,17.714285714285715,10.37037037037037,,
9508,5.228571428571429,11.107142857142858,9.023809523809524,12.310344827586206,12.25,7.717948717948718,,11.363636363636363,6.615384615384615,8.76923076923077,,,7.461538461538462,12.23076923076923,13.833333333333334,12.23076923076923,,,,9.285714285714286,,,,,,,,,,7.366666666666666,,,9.285714285714286,6.25,,6.05,14.666666666666666,7.125,,
9509,6.758620689655173,11.80952380952381,9.5625,9.142857142857142,9.0,9.4,,8.142857142857142,9.38888888888889,11.64516129032258,11.833333333333334,,5.84,17.1875,13.32,12.11111111111111,,,,10.2,,,,,,,,,,9.038461538461538,,,,6.214285714285714,,6.04,11.4,11.846153846153847,,
9510,3.5714285714285716,11.625,11.393939393939394,7.476190476190476,10.9,6.2105263157894735,,10.214285714285714,5.1,9.11111111111111,11.851851851851851,,13.35,13.15,16.1875,13.791666666666666,,,,11.521739130434783,,,,,,,,,,14.2,,,,5.818181818181818,,10.263157894736842,10.9,10.238095238095237,,
9511,6.48936170212766,10.470588235294118,13.150943396226415,7.702702702702703,8.36231884057971,8.619047619047619,,14.541666666666666,6.946666666666666,9.106060606060606,10.0,,9.603174603174603,10.150943396226415,12.11111111111111,6.816091954022989,,,,9.036363636363637,,,,,,,,,,7.730769230769231,,,,8.282051282051283,,6.634920634920635,16.1,8.573529411764707,,
9515,2.2857142857142856,16.333333333333332,12.533333333333333,4.222222222222222,16.785714285714285,7.857142857142857,,17.357142857142858,3.6,10.105263157894736,13.85,,10.8125,17.0,14.722222222222221,11.2,,,,13.956521739130435,,,,,,,,,,5.764705882352941,,,,3.6666666666666665,,7.7,15.9375,5.777777777777778,,
9516,6.333333333333333,10.916666666666666,10.571428571428571,7.564516129032258,12.405405405405405,11.393939393939394,,12.935483870967742,6.96969696969697,10.82,9.210526315789474,,7.370967741935484,12.464285714285714,14.80952380952381,11.719298245614034,,,,15.8,,,,,,,,,,6.1395348837209305,,,,8.521739130434783,,10.714285714285714,10.636363636363637,7.8,,
9517,5.848484848484849,10.72549019607843,11.245283018867925,8.608695652173912,11.948275862068966,9.732142857142858,,9.245283018867925,11.217391304347826,10.127659574468085,9.717948717948717,,11.25,13.073170731707316,16.75,10.864406779661017,,,,14.226415094339623,,,,,,,,,,4.935483870967742,,,,9.045454545454545,,9.090909090909092,14.55,10.56,,
9518,7.866666666666666,11.944444444444445,12.785714285714286,9.016949152542374,10.758620689655173,13.346938775510203,,10.822222222222223,10.263157894736842,11.614035087719298,8.363636363636363,,9.363636363636363,11.307692307692308,15.208333333333334,11.567567567567568,,,,13.090909090909092,,,,,,,,,,8.75,,,,7.967741935483871,,6.571428571428571,15.692307692307692,6.3125,,
9519,6.352459016393443,9.825396825396826,9.294736842105262,7.065040650406504,8.8046875,11.716666666666667,,10.96551724137931,8.18421052631579,10.380952380952381,11.467532467532468,,8.730337078651685,7.788617886178862,17.5,9.579545454545455,,,,10.862068965517242,,,,,,,,,,7.109243697478991,,,,7.944444444444445,,6.491379310344827,15.928571428571429,6.80327868852459,,
9523,5.666666666666667,14.545454545454545,12.428571428571429,3.6666666666666665,9.25,17.0,,12.833333333333334,1.0,13.272727272727273,20.0,,7.666666666666667,9.4,15.777777777777779,19.0,,,,13.222222222222221,,,,,,,,,,6.666666666666667,,,,9.066666666666666,,4.666666666666667,15.0,2.0,,
9524,7.043478260869565,10.333333333333334,9.0,7.578947368421052,9.133333333333333,9.533333333333333,,13.1875,9.380952380952381,14.692307692307692,8.533333333333333,,9.03225806451613,15.294117647058824,11.5,11.647058823529411,,,,,,,,,,,,,,4.666666666666667,,,,7.538461538461538,14.857142857142858,10.478260869565217,6.055555555555555,10.0,,
9525,9.709677419354838,10.048780487804878,8.341463414634147,12.433333333333334,9.275862068965518,10.538461538461538,,5.647058823529412,8.515151515151516,8.405405405405405,9.326086956521738,,10.371428571428572,9.222222222222221,15.88888888888889,12.541666666666666,,,,8.916666666666666,,,,,,,,,,6.1,,,,9.954545454545455,,7.933333333333334,13.384615384615385,11.19047619047619,,
9526,5.96875,7.819672131147541,7.291666666666667,7.823529411764706,10.155555555555555,9.518518518518519,,9.048780487804878,8.255813953488373,10.28,10.333333333333334,,12.3,10.5,11.551724137931034,14.411764705882353,,,,10.06,,,,,,,,,,10.969696969696969,,,,9.204081632653061,,7.488888888888889,10.3125,8.541666666666666,,
9527,6.348214285714286,9.528301886792454,10.224137931034482,5.627659574468085,9.885057471264368,10.653846153846153,,8.457142857142857,11.726190476190476,6.785714285714286,10.065934065934066,,9.173228346456693,11.0625,9.574468085106384,13.8,,,,9.583333333333334,,,,,,,,,,8.57943925233645,,,,10.33,,8.08421052631579,13.075471698113208,7.644230769230769,,
9531,1.8333333333333333,16.1,9.055555555555555,2.111111111111111,15.0,15.523809523809524,,5.571428571428571,12.8125,8.555555555555555,12.068965517241379,,9.85,11.894736842105264,16.65,13.735294117647058,,,,12.333333333333334,,,,,,,,,,5.454545454545454,,,,13.0,,2.909090909090909,15.0,4.166666666666667,,
9532,7.379310344827586,12.926829268292684,11.073170731707316,8.586206896551724,13.0,8.633333333333333,,11.757575757575758,10.81578947368421,12.0,11.470588235294118,,11.689655172413794,12.136363636363637,11.475,,,,,9.827586206896552,,,,,,,,,,6.541666666666667,,,13.27027027027027,8.411764705882353,,5.0,11.90625,12.153846153846153,,
9533,9.0,11.971428571428572,12.352941176470589,3.6923076923076925,9.038461538461538,12.566666666666666,,13.133333333333333,10.26923076923077,11.392857142857142,10.307692307692308,,13.733333333333333,12.457142857142857,13.5,12.333333333333334,,,,10.571428571428571,,,,,,,,,,5.166666666666667,,,,10.8,,8.5,7.0,11.241379310344827,,
9534,6.071428571428571,12.6,10.793103448275861,8.823529411764707,11.88888888888889,9.347826086956522,,11.461538461538462,8.857142857142858,13.357142857142858,11.428571428571429,,12.076923076923077,13.266666666666667,16.789473684210527,12.96,,,,12.411764705882353,,,,,,,,,,4.75,,,,7.714285714285714,,5.111111111111111,15.2,10.875,,
9535,7.366666666666666,8.1875,10.486486486486486,7.53932584269663,9.3375,6.108108108108108,,10.323529411764707,8.123595505617978,9.821428571428571,14.173913043478262,,10.777777777777779,10.625,10.530303030303031,11.736842105263158,,,,8.775280898876405,,,,,,,,,,8.393939393939394,,,,8.443298969072165,,11.025316455696203,12.415384615384616,8.835164835164836,,
9539,2.0,18.51851851851852,15.157894736842104,2.736842105263158,8.807692307692308,10.333333333333334,,11.857142857142858,4.36,12.794117647058824,16.896551724137932,,18.26923076923077,16.13157894736842,14.264705882352942,12.12,,,,10.551724137931034,,,,,,,,,,4.3478260869565215,,,,6.25,,4.2,15.545454545454545,6.615384615384615,,
9540,3.75,13.488372093023257,13.8,7.08,9.944444444444445,10.064516129032258,,13.425,9.090909090909092,13.380952380952381,12.789473684210526,,13.319148936170214,14.625,12.545454545454545,12.833333333333334,,,,11.1,,,,,,,,,,3.8333333333333335,,,,8.538461538461538,,4.533333333333333,12.970588235294118,11.285714285714286,,
9541,3.757575757575758,16.46153846153846,10.659574468085106,8.17741935483871,8.89873417721519,8.246376811594203,,10.507462686567164,5.905405405405405,10.095238095238095,12.566666666666666,,9.357142857142858,10.909090909090908,16.266666666666666,10.691176470588236,,,,6.465909090909091,,,,,,,,,,8.520547945205479,,,,5.266666666666667,,8.34375,15.8,6.2023809523809526,,
9545,7.09433962264151,14.411764705882353,9.972972972972974,8.649122807017545,12.518518518518519,9.354166666666666,,14.657894736842104,7.164179104477612,13.0,12.026315789473685,,8.545454545454545,17.157894736842106,9.9375,11.818181818181818,,,,9.80952380952381,,,,,,,,,,6.923076923076923,,,,5.303571428571429,,4.945454545454545,7.833333333333333,4.377358490566038,,
9549,1.0,16.0,16.0,2.5,10.5,7.5,,14.5,8.333333333333334,11.0,10.0,,13.5,19.0,19.5,15.333333333333334,,,,9.5,,,,,,,,,,6.0,,,,4.666666666666667,,4.333333333333333,18.5,2.5,,
9550,2.5714285714285716,19.333333333333332,13.071428571428571,9.521739130434783,11.8125,8.0,,15.3125,13.885714285714286,13.935483870967742,12.161290322580646,,12.5,14.657142857142857,16.583333333333332,10.533333333333333,,,,11.333333333333334,,,,,,,,,,4.538461538461538,,,,4.153846153846154,,3.5833333333333335,15.535714285714286,4.45,,
9551,4.814814814814815,,8.88888888888889,11.0,,,,8.068181818181818,6.27027027027027,10.116279069767442,,,8.941176470588236,14.029411764705882,14.7,12.128205128205128,,,,7.928571428571429,,,16.75,,,,,,,6.25,17.736842105263158,,9.581395348837209,7.9393939393939394,14.678571428571429,7.12,8.2,7.068965517241379,,
9552,7.130434782608695,11.951219512195122,11.838709677419354,8.93939393939394,12.214285714285714,11.64864864864865,,7.28125,6.366666666666666,10.571428571428571,16.235294117647058,,10.976190476190476,10.558823529411764,12.794871794871796,14.714285714285714,,,,10.714285714285714,,,,,,,,,,9.125,,,,5.777777777777778,,9.0,8.818181818181818,8.181818181818182,,
9553,6.5,10.928571428571429,9.30952380952381,7.842105263157895,12.894736842105264,9.15,,9.692307692307692,6.0256410256410255,12.191489361702128,11.372093023255815,,8.5,12.477272727272727,14.142857142857142,9.941176470588236,,,,11.121951219512194,,,,,,,,,,6.0,,,,9.935483870967742,,8.6,12.24,5.54054054054054,,
9554,7.198198198198198,8.1010101010101,13.55072463768116,8.196078431372548,14.058823529411764,11.934782608695652,,6.840336134453781,8.653846153846153,9.141666666666667,11.666666666666666,,10.911111111111111,8.345794392523365,8.78,9.168674698795181,,,,10.353846153846154,,,,,,,,,,5.833333333333333,,,,8.10483870967742,,6.649122807017544,8.372881355932204,7.398305084745763,,
9558,3.5555555555555554,12.142857142857142,14.0,2.3333333333333335,19.5,16.928571428571427,,8.88888888888889,12.25,9.214285714285714,13.4,,10.0,10.583333333333334,16.714285714285715,8.307692307692308,,,,17.0,,,,,,,,,,2.111111111111111,,,,4.555555555555555,,9.476190476190476,16.5,3.7857142857142856,,
9559,7.0625,11.842105263157896,9.222222222222221,7.9375,9.974358974358974,11.425,,11.72972972972973,10.40625,14.857142857142858,12.547619047619047,,9.85,9.636363636363637,11.969696969696969,,,,,12.657894736842104,,,,,,,,,,8.621621621621621,,,13.789473684210526,9.210526315789474,,3.8666666666666667,7.516129032258065,6.5625,,
9560,8.0,7.709677419354839,8.925925925925926,10.875,11.117647058823529,7.166666666666667,,13.375,11.692307692307692,10.962962962962964,9.625,,13.947368421052632,8.192307692307692,11.333333333333334,10.4375,,,,12.272727272727273,,,,,,,,,,6.266666666666667,,,,11.0,,8.454545454545455,9.52,12.333333333333334,,
9561,6.956521739130435,9.027027027027026,9.258064516129032,7.0,11.46875,10.0,,10.033333333333333,11.827586206896552,11.033333333333333,12.857142857142858,,11.615384615384615,8.0,11.774193548387096,10.318181818181818,,,,12.75,,,,,,,,,,9.25,,,,9.238095238095237,,7.5,9.5,7.277777777777778,,
9562,9.229166666666666,11.17910447761194,8.213333333333333,7.465909090909091,11.470588235294118,15.176470588235293,,10.36144578313253,10.94047619047619,9.75294117647059,9.243589743589743,,8.623529411764705,8.341772151898734,10.956521739130435,8.296296296296296,,,,13.348837209302326,,,,,,,,,,9.89655172413793,,,,8.859375,,13.604166666666666,9.015384615384615,7.264705882352941,,
9566,3.0526315789473686,16.3125,14.071428571428571,2.6666666666666665,15.541666666666666,12.0,,10.448275862068966,3.933333333333333,11.233333333333333,14.481481481481481,,9.0,14.933333333333334,17.464285714285715,14.625,,,,17.357142857142858,,,,,,,,,,4.666666666666667,,,,5.545454545454546,,10.6,13.558823529411764,2.1666666666666665,,
9567,2.375,12.222222222222221,11.342105263157896,7.416666666666667,8.909090909090908,8.03225806451613,,12.666666666666666,9.777777777777779,11.137931034482758,16.05263157894737,,12.82857142857143,11.6,12.823529411764707,14.666666666666666,,,,13.5,,,,,,,,,,5.266666666666667,,,,9.151515151515152,,8.290322580645162,10.2,7.428571428571429,,
9568,2.25,12.870967741935484,8.74074074074074,8.48,10.304347826086957,6.619047619047619,,11.931034482758621,11.222222222222221,10.153846153846153,14.045454545454545,,14.758620689655173,10.166666666666666,12.454545454545455,13.88888888888889,,,,12.4,,,,,,,,,,8.523809523809524,,,,6.947368421052632,,8.352941176470589,13.041666666666666,7.25,,
9569,1.0,9.142857142857142,7.578947368421052,6.2727272727272725,3.625,9.363636363636363,,11.307692307692308,9.818181818181818,11.2,15.25,,10.736842105263158,10.384615384615385,12.625,16.125,,,,10.5,,,,,,,,,,14.857142857142858,,,,18.833333333333332,,18.142857142857142,7.5,6.0,,
9570,7.631147540983607,14.863636363636363,10.886363636363637,7.8125,6.358974358974359,9.172413793103448,,8.292929292929292,8.322033898305085,11.076923076923077,10.691176470588236,,12.52,9.689320388349515,12.473684210526315,9.909090909090908,,,,7.442477876106195,,,,,,,,,,9.833333333333334,,,,9.049019607843137,,7.896103896103896,10.564102564102564,5.528735632183908,,
9574,7.954545454545454,18.0,13.538461538461538,5.043478260869565,14.214285714285714,6.0,,9.136363636363637,3.611111111111111,13.88888888888889,14.0,,15.653846153846153,12.464285714285714,19.166666666666668,16.25,,,,11.866666666666667,,,,,,,,,,3.1578947368421053,,,,5.25,,6.066666666666666,13.806451612903226,3.857142857142857,,
9575,6.5,11.720930232558139,12.166666666666666,6.2592592592592595,10.129032258064516,13.25,,10.088888888888889,10.6,11.0,9.512820512820513,,13.972222222222221,9.25,13.210526315789474,7.743589743589744,,,,11.953488372093023,,,,,,,,,,10.294117647058824,,,,9.146341463414634,,4.571428571428571,,8.678571428571429,11.066666666666666,
9576,4.294117647058823,9.0,12.717948717948717,6.769230769230769,10.717391304347826,7.214285714285714,,9.279069767441861,12.35135135135135,10.047619047619047,14.34375,,11.135135135135135,7.536585365853658,13.64102564102564,12.758620689655173,,,,14.342105263157896,,,,,,,,,,8.4,,,,10.607142857142858,,10.166666666666666,11.5,12.961538461538462,,
9577,10.619047619047619,7.6923076923076925,9.72,8.952380952380953,10.142857142857142,13.0,,6.909090909090909,14.5,9.0625,4.8,,13.5,11.833333333333334,9.166666666666666,6.611111111111111,,,,14.0,,,,,,,,,,17.571428571428573,,,,12.071428571428571,,10.4,7.176470588235294,5.888888888888889,,
9578,6.7254901960784315,14.6,15.818181818181818,8.348484848484848,7.864864864864865,8.485294117647058,,8.814285714285715,8.1875,7.882352941176471,7.845070422535211,,13.055555555555555,7.696969696969697,8.375,8.384615384615385,,,,8.8,,,,,,,,,,10.823529411764707,,,,10.38888888888889,,9.318840579710145,8.710526315789474,7.2592592592592595,,
9582,3.0,16.866666666666667,14.0,2.142857142857143,8.090909090909092,5.466666666666667,,9.363636363636363,6.25,10.777777777777779,15.695652173913043,,15.736842105263158,15.904761904761905,18.384615384615383,13.944444444444445,,,,14.928571428571429,,,,,,,,,,12.105263157894736,,,,5.909090909090909,,5.666666666666667,17.05,2.8333333333333335,,
9583,9.066666666666666,,11.0,5.193548387096774,8.16,9.681818181818182,9.857142857142858,12.205128205128204,11.395348837209303,13.125,12.511111111111111,,10.5,8.653846153846153,13.225,11.743589743589743,,,,14.325,,,,,,,,,12.85,5.48,,,,5.466666666666667,,,6.481481481481482,11.272727272727273,,
9584,9.1,,9.64516129032258,8.416666666666666,7.878787878787879,12.7,,11.2,8.838709677419354,9.266666666666667,8.0,,11.931034482758621,9.84375,12.653846153846153,10.222222222222221,,,,11.0,,,,,,,,,10.9,6.714285714285714,,,,8.347826086956522,,17.0,11.964285714285714,6.0,,
9585,4.4,,11.193548387096774,7.4,11.914285714285715,9.23076923076923,,10.142857142857142,7.130434782608695,12.583333333333334,10.576923076923077,,14.434782608695652,10.473684210526315,12.703703703703704,13.157894736842104,,,,13.451612903225806,,,,,,,,,14.884615384615385,8.61111111111111,,,,6.958333333333333,,5.5625,12.96875,6.083333333333333,,
9586,6.6125,,10.568965517241379,6.2465753424657535,8.274193548387096,8.572916666666666,,13.736842105263158,4.964912280701754,15.48,7.7272727272727275,,13.5,8.943661971830986,8.72972972972973,6.7023809523809526,,,,8.317460317460318,,,,,,,,,13.366666666666667,9.817073170731707,,,,6.311688311688312,,10.4,17.88235294117647,6.929411764705883,,
9590,4.666666666666667,,13.590909090909092,4.368421052631579,15.833333333333334,5.7,,11.925925925925926,3.923076923076923,14.181818181818182,11.62962962962963,,17.4,9.304347826086957,16.666666666666668,16.4,,,,11.44,,,,,,,,,14.090909090909092,6.470588235294118,,,,3.5,,10.064516129032258,14.136363636363637,2.3,,
9591,7.055555555555555,,5.7631578947368425,8.857142857142858,11.5,7.486486486486487,,10.325,5.6521739130434785,9.756756756756756,,,8.785714285714286,11.625,13.565217391304348,10.5,,,,12.157894736842104,,,,,,,,,13.071428571428571,10.518518518518519,,,11.4,9.071428571428571,,9.025641025641026,13.24,6.5,,
9592,5.884615384615385,,9.583333333333334,9.0,13.346153846153847,7.913043478260869,,10.0,8.88888888888889,12.0,,,7.694444444444445,10.375,11.689655172413794,10.107142857142858,,,,16.833333333333332,,,,,,,,,15.0,9.28,,,8.1875,7.4375,,16.5,9.384615384615385,6.304347826086956,,
9593,5.71875,,9.81081081081081,9.314285714285715,11.96551724137931,6.161290322580645,,9.34375,8.222222222222221,9.051282051282051,,,9.3,7.863636363636363,11.75,11.0,,,,14.333333333333334,,,,,,,,,11.37037037037037,9.529411764705882,,,18.0,8.827586206896552,,9.545454545454545,11.030303030303031,6.538461538461538,,
9594,8.02608695652174,,10.535211267605634,12.147540983606557,10.22680412371134,10.0,,11.1651376146789,7.824324324324325,13.446153846153846,,,10.263157894736842,7.951807228915663,10.454545454545455,8.308641975308642,,,,12.481481481481481,,,,,,,,,8.414414414414415,9.252252252252251,,,12.23943661971831,9.36936936936937,,6.560975609756097,10.46774193548387,9.320754716981131,,
9598,6.6923076923076925,,12.647058823529411,7.631578947368421,12.333333333333334,7.576923076923077,,9.454545454545455,1.8333333333333333,16.842105263157894,,,15.5,6.7894736842105265,16.705882352941178,10.958333333333334,,,,16.90909090909091,,,,,,,,,11.058823529411764,15.1875,,,11.95,7.8076923076923075,,7.733333333333333,17.714285714285715,2.5,,
9599,6.4523809523809526,,10.974358974358974,6.666666666666667,11.192307692307692,11.225,,10.087719298245615,5.953488372093023,10.851063829787234,11.348837209302326,,7.295454545454546,9.692307692307692,12.043478260869565,14.857142857142858,,,,12.036363636363637,,,,,,,,,11.0,8.025641025641026,,,,6.03125,,9.653061224489797,10.6,13.0,,
9600,8.804878048780488,,5.484848484848484,5.814814814814815,9.428571428571429,12.966666666666667,,12.842105263157896,6.230769230769231,12.294117647058824,12.0,,9.146341463414634,5.666666666666667,13.5,10.964285714285714,,,,11.411764705882353,,,,,,,,,10.921052631578947,16.14814814814815,,,,8.035714285714286,,6.617647058823529,11.694444444444445,9.692307692307692,,
9601,6.086956521739131,,11.153846153846153,6.967741935483871,12.512820512820513,10.142857142857142,,7.787878787878788,6.8,11.071428571428571,12.88888888888889,,10.222222222222221,9.941176470588236,14.464285714285714,11.655172413793103,,,,12.297297297297296,,,,,,,,,11.904761904761905,8.0,,,,8.0,,7.043478260869565,13.058823529411764,6.136363636363637,,
9602,8.661971830985916,,15.533333333333333,4.131147540983607,9.775,6.851851851851852,,11.076923076923077,6.191780821917808,16.433333333333334,11.53225806451613,,10.96875,7.627450980392157,10.463414634146341,8.753424657534246,,,,9.824561403508772,,,,,,,,,10.057692307692308,8.310344827586206,,,,7.416666666666667,,8.73076923076923,10.75,5.3125,,
9606,2.3333333333333335,,16.35,1.0,15.08695652173913,10.923076923076923,,10.11111111111111,6.5,16.642857142857142,15.227272727272727,,10.277777777777779,15.5,16.625,6.833333333333333,,,,13.666666666666666,,,,,,,,,9.642857142857142,7.7727272727272725,,,,12.526315789473685,,4.5,17.75,4.0,,
9607,6.714285714285714,,,7.794871794871795,10.94,9.0,,10.34,7.380952380952381,11.826923076923077,11.833333333333334,,11.571428571428571,10.536585365853659,16.75,11.735849056603774,,,11.25531914893617,9.148936170212766,,,,,,,,,14.853658536585366,10.789473684210526,,,,5.074074074074074,,8.3,9.414634146341463,12.0,,
9608,6.061224489795919,,,6.5256410256410255,6.605633802816901,8.846153846153847,,9.494117647058824,7.253012048192771,12.5,10.04040404040404,,10.0,8.977777777777778,10.037037037037036,11.370967741935484,,,9.482758620689655,8.901234567901234,,,,,,,,,13.35135135135135,15.0,,,,4.8375,,10.145833333333334,10.5625,8.482758620689655,,
9612,5.675675675675675,,,6.885714285714286,10.407407407407407,10.638297872340425,,13.092592592592593,7.041666666666667,13.555555555555555,5.828125,,9.884057971014492,12.439024390243903,9.911111111111111,6.838709677419355,,,10.892857142857142,13.23076923076923,,,,,,,,,11.584905660377359,8.915254237288135,,,,6.892307692307693,,9.288135593220339,10.534883720930232,10.354166666666666,,
9616,1.0,,,3.0,13.0,10.0,,16.0,4.0,12.666666666666666,7.5,,9.222222222222221,18.5,19.333333333333332,7.6,,,15.5,16.0,,,,,,,,,11.0,6.5,,,,3.5,,3.5,19.0,12.125,,
9617,3.3333333333333335,,,3.0,11.35,8.066666666666666,,12.761904761904763,2.1666666666666665,15.296296296296296,11.653846153846153,,12.181818181818182,16.53125,16.75,8.941176470588236,,,10.842105263157896,15.333333333333334,,,,,,,,,11.954545454545455,16.1,,,,3.5,,12.105263157894736,16.428571428571427,3.4444444444444446,,
9618,6.575757575757576,,,,10.181818181818182,7.916666666666667,12.472222222222221,,,13.615384615384615,8.236842105263158,,6.324324324324325,10.882352941176471,,11.7,,12.161290322580646,11.289473684210526,9.0,11.92,,,10.884615384615385,,,,,13.416666666666666,,,,,5.2727272727272725,,7.777777777777778,8.605263157894736,7.516129032258065,13.833333333333334,
9619,10.0,,,7.142857142857143,9.083333333333334,7.481481481481482,,8.7,11.95,10.192307692307692,8.368421052631579,,7.75,15.0,10.285714285714286,12.52,,,11.333333333333334,10.695652173913043,,,,,,,,,13.625,6.956521739130435,,,,13.4,,13.470588235294118,7.4,5.75,,
9620,5.2727272727272725,,,7.260869565217392,10.647058823529411,10.085714285714285,,9.615384615384615,6.181818181818182,9.461538461538462,12.296296296296296,,10.137931034482758,12.379310344827585,14.125,12.08695652173913,,,16.15,12.0,,,,,,,,,13.26923076923077,7.2727272727272725,,,,6.375,,6.2272727272727275,9.7,8.125,,
9621,6.468085106382978,,,6.156626506024097,7.923076923076923,11.883720930232558,,8.761194029850746,6.838709677419355,8.933333333333334,8.830985915492958,,9.521739130434783,7.671052631578948,10.333333333333334,8.064516129032258,,,12.906976744186046,10.097560975609756,,,,,,,,,12.882352941176471,9.940298507462687,,,,4.904109589041096,,9.529411764705882,9.59322033898305,11.2,,
9625,7.56,,,3.1666666666666665,10.944444444444445,15.055555555555555,,14.666666666666666,3.0,13.357142857142858,8.428571428571429,,15.5,14.0,15.222222222222221,9.833333333333334,,,11.25,14.047619047619047,,,,,,,,,11.5,6.642857142857143,,,,1.4,,4.7,12.75,10.774193548387096,,
9626,8.725,,,7.073394495412844,8.067796610169491,9.505882352941176,,8.78888888888889,7.037735849056604,11.573033707865168,,,13.726027397260275,8.441176470588236,11.704225352112676,12.775280898876405,,,11.66304347826087,11.126436781609195,,,,,,,,,13.07865168539326,9.981308411214954,,,11.616161616161616,8.808080808080808,,6.256756756756757,9.82,8.873684210526315,,
9627,9.674157303370787,,,6.639344262295082,8.835443037974683,9.68421052631579,,8.010309278350515,6.979591836734694,10.883720930232558,,,7.202247191011236,6.19811320754717,13.916666666666666,13.035714285714286,,,9.339449541284404,7.412844036697248,,,,,,,,,14.095238095238095,15.48936170212766,,,12.590909090909092,7.368421052631579,,6.53125,11.717647058823529,8.678260869565218,,
9631,8.928571428571429,,,6.134328358208955,7.102564102564102,9.945454545454545,,9.121951219512194,5.375,9.789473684210526,,,14.473684210526315,7.868421052631579,10.775,12.446808510638299,,,10.508771929824562,11.170731707317072,,,,,,,,,13.541666666666666,10.681818181818182,,,11.057971014492754,7.303030303030303,,6.223880597014926,8.428571428571429,8.181818181818182,,
9635,3.5,,,1.5,7.0,10.571428571428571,,18.4,3.5,19.0,,,16.0,10.0,18.666666666666668,14.0,,,8.5,14.5,,,,,,,,,13.0,12.555555555555555,,,11.615384615384615,5.0,,6.0,16.0,1.5,,
9636,7.2727272727272725,,,4.3,8.285714285714286,14.38888888888889,,10.625,8.176470588235293,15.0,,,5.714285714285714,13.0,16.0625,14.0,,,8.2,2.5,,,,,,,,,14.666666666666666,11.85,,,14.178571428571429,14.875,,3.3333333333333335,13.869565217391305,7.538461538461538,,
9637,6.913793103448276,,,6.142857142857143,9.790697674418604,8.676923076923076,,11.148148148148149,5.75,14.03921568627451,6.612244897959184,,11.072727272727272,14.46808510638298,11.795454545454545,12.0,,,14.891304347826088,10.886363636363637,,,,,,,,,14.183673469387756,6.72972972972973,,,,8.23076923076923,,5.705882352941177,10.854545454545455,8.76086956521739,,
9638,9.268292682926829,,,7.780487804878049,10.333333333333334,11.81578947368421,,10.395348837209303,8.916666666666666,9.195652173913043,9.703703703703704,,12.18918918918919,15.3,12.631578947368421,10.735294117647058,,,16.533333333333335,8.534883720930232,,,,,,,,,10.659574468085106,8.636363636363637,,,,10.75,,5.444444444444445,10.473684210526315,7.793103448275862,,
9639,7.4324324324324325,,,7.774193548387097,9.535714285714286,8.838709677419354,,11.257142857142858,7.433333333333334,10.433333333333334,8.166666666666666,,8.3125,13.241379310344827,8.9,10.0,,,10.40625,13.681818181818182,,,,,,,,,12.5,5.428571428571429,,,,8.4,,7.916666666666667,11.566666666666666,7.473684210526316,,
9640,6.240963855421687,,,7.8023255813953485,7.369565217391305,10.415094339622641,,9.408163265306122,7.634146341463414,19.5,9.781818181818181,,8.712962962962964,8.272727272727273,9.753086419753087,8.934426229508198,,,9.292134831460674,10.133333333333333,,,,,,,,,8.931034482758621,6.3896103896103895,,,,8.086021505376344,,6.074626865671642,10.533333333333333,6.697247706422019,,
9644,4.7592592592592595,,,8.273972602739725,9.159420289855072,9.806818181818182,,12.371794871794872,6.796875,13.733333333333333,12.013513513513514,,8.554054054054054,11.328947368421053,13.872727272727273,10.069767441860465,,,13.36,11.129032258064516,,,,,,,,,15.8,9.584615384615384,,,,6.046153846153846,,7.129032258064516,11.985294117647058,10.320512820512821,,
9645,5.1891891891891895,,,7.787234042553192,7.833333333333333,9.735849056603774,,11.23404255319149,6.525,12.708333333333334,11.875,,7.510204081632653,9.857142857142858,17.2,11.418181818181818,,,12.825,10.557377049180328,,,,,,,,,17.714285714285715,12.043478260869565,,,,6.5813953488372094,,7.258064516129032,11.0,9.25,,
9646,8.925373134328359,,,7.463157894736842,12.470588235294118,8.25609756097561,,9.135135135135135,6.0,8.038461538461538,8.54,,9.676470588235293,12.0,9.140845070422536,9.369565217391305,,,12.215686274509803,16.272727272727273,,,,,,,,,13.53125,9.45679012345679,,,,7.989130434782608,,8.131147540983607,8.11111111111111,8.465116279069768,,
9650,5.636363636363637,,,6.235955056179775,9.510204081632653,14.534883720930232,,11.166666666666666,4.513513513513513,8.253164556962025,6.420289855072464,,12.9,10.634920634920634,10.545454545454545,8.871428571428572,,,10.745098039215685,14.022727272727273,,,,,,,,,13.0,10.268817204301076,,,,4.730769230769231,,8.708860759493671,8.75438596491228,9.22340425531915,,
9654,7.6,,,1.5,8.5,19.5,,10.666666666666666,5.333333333333333,14.0,12.0,,17.0,14.166666666666666,18.0,8.0,,,13.777777777777779,15.5,,,,,,,,,19.0,6.0,,,,4.0,,2.5,12.0,2.0,,
9655,1.5,,,8.833333333333334,8.75,9.666666666666666,,9.176470588235293,3.8333333333333335,16.833333333333332,11.476190476190476,,12.210526315789474,13.125,10.846153846153847,15.083333333333334,,,15.045454545454545,20.0,,,,,,,,,19.0,11.481481481481481,,,,7.181818181818182,,6.235294117647059,13.5,4.0,,
9656,10.025,,,6.958333333333333,10.365853658536585,11.386363636363637,,11.948717948717949,8.212121212121213,12.696969696969697,9.461538461538462,,10.673913043478262,10.657142857142857,11.413793103448276,13.6,,,9.115384615384615,,,,,,,,,,9.857142857142858,11.357142857142858,,,,8.958333333333334,12.962962962962964,13.0,8.875,5.823529411764706,,
9657,5.65,,,7.29,9.561983471074381,9.099173553719009,,10.441441441441441,8.306818181818182,9.833333333333334,8.61038961038961,,10.732558139534884,9.942857142857143,11.594594594594595,8.648351648351648,,,13.30232558139535,,,,,,,,,,13.733333333333333,11.477611940298507,,,,7.554545454545455,11.968253968253968,9.086538461538462,10.902912621359222,8.473684210526315,,
9658,4.132075471698113,,,7.476190476190476,10.460674157303371,8.520408163265307,,10.522727272727273,7.462686567164179,9.589285714285714,9.26865671641791,,9.764705882352942,10.065217391304348,12.404255319148936,8.582278481012658,,,12.611940298507463,,,,,,,,,,12.311111111111112,11.4,,,,5.576470588235294,15.515151515151516,7.954022988505747,10.726190476190476,8.28888888888889,,
9662,8.314285714285715,,,1.0,6.1875,13.266666666666667,,9.526315789473685,7.0,12.703703703703704,12.058823529411764,,13.617647058823529,13.947368421052632,13.833333333333334,7.785714285714286,,,11.461538461538462,,,,,,,,,,18.8,8.052631578947368,,,,2.5,15.0,4.666666666666667,13.631578947368421,11.974358974358974,,
9663,3.7058823529411766,11.555555555555555,12.391304347826088,10.619047619047619,9.78048780487805,6.814814814814815,,10.857142857142858,10.741935483870968,8.789473684210526,8.421052631578947,,14.054054054054054,11.787878787878787,8.594594594594595,8.297297297297296,,,,6.166666666666667,,,,,,,,,,13.142857142857142,,,,10.458333333333334,,13.74074074074074,8.875,14.571428571428571,,
9664,7.125,12.777777777777779,11.855263157894736,7.532608695652174,8.385542168674698,10.279411764705882,,8.2987012987013,8.723809523809523,8.328947368421053,9.28888888888889,,9.348837209302326,9.835820895522389,10.74468085106383,6.388888888888889,,,,8.546666666666667,,,,,,,,,,15.870967741935484,,,,8.314606741573034,,8.228260869565217,10.794117647058824,7.244897959183674,,
9668,8.16,9.18918918918919,13.459016393442623,7.982758620689655,14.3,8.884210526315789,,8.838709677419354,7.341463414634147,8.342465753424657,11.193548387096774,,14.155555555555555,7.64,8.671875,11.175438596491228,,,,10.306122448979592,,,,,,,,,,9.262295081967213,,,,7.3522727272727275,,11.59322033898305,7.430769230769231,4.931506849315069,,
9672,2.5,19.0,12.5,4.25,16.0,4.5,,10.6,5.5,14.0,10.666666666666666,,17.5,18.0,9.8,16.77777777777778,,,,15.0,,,,,,,,,,1.6666666666666667,,,,4.857142857142857,,10.0,11.166666666666666,7.5,,
9673,1.8,15.205882352941176,12.857142857142858,2.4285714285714284,14.806451612903226,3.5,,6.866666666666666,4.363636363636363,12.705882352941176,14.707317073170731,,15.76923076923077,15.038461538461538,16.44,11.5,,,,12.347826086956522,,,,,,,,,,14.724137931034482,,,,6.588235294117647,,7.571428571428571,13.80952380952381,6.411764705882353,,
